{"cameraMode":{"drawMode":0,"name":"Shaded","section":"Shading Mode"},"sceneLighting":false,"audioPlay":false,"sceneViewState":{"m_AlwaysRefresh":false,"showFog":true,"showSkybox":false,"showFlares":true,"showImageEffects":true,"showParticleSystems":true,"showVisualEffectGraphs":true,"m_FxEnabled":true},"in2DMode":false,"pivot":{"x":0.1876179426908493,"y":0.8020341396331787,"z":-1.2926329374313355},"rotation":{"x":0.1167239248752594,"y":0.012809640727937222,"z":-0.0015058160061016679,"w":0.9930846691131592},"size":1.7201024293899537,"orthographic":false}